{"cameraMode":{"drawMode":0,"name":"Shaded","section":"Shading Mode"},"sceneLighting":false,"audioPlay":false,"sceneViewState":{"showFog":true,"showMaterialUpdate":false,"showSkybox":false,"showFlares":true,"showImageEffects":true,"showParticleSystems":true},"in2DMode":false,"pivot":{"x":-0.29233014583587649,"y":0.1954796314239502,"z":0.20075476169586183},"rotation":{"x":-0.08462738245725632,"y":0.8801007866859436,"z":-0.1713697761297226,"w":-0.43461984395980837},"size":2.8578836917877199,"orthographic":false}